Type,Name,Request Count,Failure Count,Median Response Time,Average Response Time,Min Response Time,Max Response Time,Average Content Size,Requests/s,Failures/s,50%,66%,75%,80%,90%,95%,98%,99%,99.9%,99.99%,100%
POST,/api/v1/auth/login,99,0,6,7.09113030307256,2.943399998912355,31.7536000002292,47.25252525252525,1.6731859815240637,0.0,6,7,8,8,13,15,18,32,32,32,32
GET,/api/v1/projects/search?q=AI%20y%20hoc,90,0,5,6.85353777779609,3.0495999999402557,41.790799999944284,216.0,1.521078165021876,0.0,5,7,7,8,11,13,37,42,42,42,42
GET,/api/v1/projects/search?q=blckchain,75,0,6,6.288705333378554,3.0197000014595687,24.331099999471917,48.08,1.2675651375182302,0.0,6,6,7,7,8,11,20,24,24,24,24
GET,/api/v1/projects/search?q=cong%20nghe%20thong%20tin,70,0,6,6.960224285830918,2.3592000015923986,23.284499999135733,107.2,1.1830607950170149,0.0,6,7,8,9,11,14,17,23,23,23,23
GET,/api/v1/projects/search?q=dai%20hoc%20quoc%20gia,61,0,6,6.75761147535699,3.040700001292862,22.677099999782513,72.0,1.0309529785148273,0.0,6,7,8,8,10,11,15,23,23,23,23
GET,/api/v1/projects/search?q=khoa%20hoc%20may%20tinh,61,0,6,6.7466311474625575,2.360799999223673,21.316300000762567,48.09836065573771,1.0309529785148273,0.0,6,7,8,8,10,12,21,21,21,21,21
GET,/api/v1/projects/search?q=nghien%20cuu%20ung%20dung,66,0,5,6.38000909084164,3.1481999994866783,42.94519999893964,185.72727272727272,1.1154573210160426,0.0,5,6,7,7,9,10,12,43,43,43,43
GET,/api/v1/projects/search?q=tri%20tue%20nhan%20tao,74,0,6,7.052548648799357,2.444299998387578,55.134299998826464,83.27027027027027,1.250664269017987,0.0,6,7,8,8,10,13,15,55,55,55,55
,Aggregated,596,0,6,6.785967953047115,2.3592000015923986,55.134299998826464,102.30536912751678,10.07291762614487,0.0,6,7,7,8,10,13,19,24,55,55,55
